<?xml version="1.0" encoding="utf-8"?>
<odoo>

    <record id="smt_snp_sell" model="data.smt">
        <field name="pair">SPX500</field>
        <field name="smt_direction">sell</field>
        <field name="state">new</field>
    </record>

    <record id="smt_snp_buy" model="data.smt">
        <field name="pair">SPX500</field>
        <field name="smt_direction">buy</field>
        <field name="state">new</field>
    </record>

    <record id="smt_nq_sell" model="data.smt">
        <field name="pair">NDX100</field>
        <field name="smt_direction">sell</field>
        <field name="state">new</field>
    </record>

    <record id="smt_nq_buy" model="data.smt">
        <field name="pair">NDX100</field>
        <field name="smt_direction">buy</field>
        <field name="state">new</field>
    </record>


</odoo>